{"OutputFileHashSum":"B23A25D6FA2C82658078C8D6E85FE2DE6B8B3A73176531E31772A12E4C3C75DE","Converted":true,"OutputModifyDate":"2022-11-01T02:37:15.9908106Z","Metadatas":[{"CategoryName":"VuGen.Replay","Offset":128,"Length":23,"TypeId":1},{"CategoryName":"VuGen.Replay","Offset":252,"Length":222,"TypeId":5},{"CategoryName":"VuGen.Replay","Offset":654,"Length":222,"TypeId":5},{"CategoryName":"VuGen.Replay","Offset":1411,"Length":49,"TypeId":2},{"CategoryName":"VuGen.Replay","Offset":1851,"Length":107,"TypeId":2},{"CategoryName":"VuGen.Replay","Offset":4899,"Length":21,"TypeId":1}],"MetadataTypes":[{"CategoryName":"VuGen.Replay","MetadataTypeName":"HP.LR.Vugen.Iteration","Id":1},{"CategoryName":"VuGen.Replay","MetadataTypeName":"HP.LR.Vugen.NotifyTransaction","Id":2},{"CategoryName":"VuGen.Replay","MetadataTypeName":"Utt.Debugger.Error","Id":3},{"CategoryName":"VuGen.Replay","MetadataTypeName":"HP.LR.Vugen.NotifyAny","Id":4},{"CategoryName":"VuGen.Replay","MetadataTypeName":"Utt.Debugger.Warning","Id":5}]}