[
    {
        "actionName": "Action",
        "steps": [
            {
                "stepId": "STEP1",
                "stepName": "Rest Request: GET: http://restapi.adequateshop.com/api/Traveler?page={pageNumber}",
                "infFile": "t1.inf",
                "time": 1667270235459
            }
        ],
        "transactions": [
            {
                "transactionName": "01",
                "rawStartTime": 1667270234811,
                "rawEndTime": 1667270235461,
                "thinkTime": 0.0,
                "wastedTime": 0.056650638580322269
            }
        ]
    }
]