<TravelerinformationResponse xmlns:xsd="http://www.w3.org/2001/XMLSchema" xmlns:xsi="http://www.w3.org/2001/XMLSchema-instance"><page>1</page><per_page>10</per_page><totalrecord>16838</totalrecord><total_pages>1684</total_pages><travelers><Travelerinformation><id>11133</id><name>Developer</name><email>Developer12@gmail.com</email><adderes>USA</adderes><createdat>0001-01-01T00:00:00</createdat></Travelerinformation><Travelerinformation><id>11134</id><name>AS</name><email>qweqw@mail.ru</email><adderes>USA</adderes><createdat>0001-01-01T00:00:00</createdat></Travelerinformation><Travelerinformation><id>11135</id><name>vano</name><email>van.19v@mail.ru</email><adderes>USA</adderes><createdat>0001-01-01T00:00:00</createdat></Travelerinformation><Travelerinformation><id>11136</id><name>Developer123</name><email>Developer523@gmail.com</email><adderes>USA</adderes><createdat>0001-01-01T00:00:00</createdat></Travelerinformation><Travelerinformation><id>11137</id><name>Ashor</name><email>ashot.vardanyan.2000@gmail.com</email><adderes>USA</adderes><createdat>0001-01-01T00:00:00</createdat></Travelerinformation><Travelerinformation><id>11138</id><name>1234</name><email>ghag@mail.ru</email><adderes>USA</adderes><createdat>0001-01-01T00:00:00</createdat></Travelerinformation><Travelerinformation><id>11139</id><name>asdasd</name><email>asdasd@dasda.asd</email><adderes>USA</adderes><createdat>0001-01-01T00:00:00</createdat></Travelerinformation><Travelerinformation><id>11140</id><name>da</name><email>auriu@gmail.com</email><adderes>USA</adderes><createdat>0001-01-01T00:00:00</createdat></Travelerinformation><Travelerinformation><id>11142</id><name>asdasd</name><email>qwwerrwerweeqw@mail.ru</email><adderes>USA</adderes><createdat>0001-01-01T00:00:00</createdat></Travelerinformation><Travelerinformation><id>11143</id><name>karen</name><email>karen@mail.ru</email><adderes>USA</adderes><createdat>0001-01-01T00:00:00</createdat></Travelerinformation></travelers></TravelerinformationResponse>